{
  "products": [
    {
      "id": 1,
      "name": "pen",
      "price": 15
    },
    {
      "name": "pencil",
      "price": 10,
      "id": 2
    },
    {
      "id": 3,
      "name": "apple",
      "price": "26"
    },
    {
      "name": "pencil",
      "price": 10,
      "id": 4
    },
    {
      "name": "pencil",
      "price": 10,
      "id": 5
    },
    {
      "name": "pencil",
      "price": 10,
      "id": 6
    },
    {
      "name": "pencil",
      "price": 10,
      "id": 7
    },
    {
      "name": "pencil",
      "price": 10,
      "id": 8
    },
    {
      "name": "pencil",
      "price": 10,
      "id": 9
    },
    {
      "name": "pencil",
      "price": 10,
      "id": 10
    },
    {
      "name": "pencil",
      "price": 10,
      "id": 11
    },
    {
      "name": "pencil",
      "price": 10,
      "id": 12
    }
  ]
}